id,name,category
6405bf4db9d07cd5d38d7a2b,Fondue savoyarde aux 3 fromages RichesMonts,,
6405bf45af4af6d531d50afe,Fourme d'Ambert AOP,,
64073cf09c6d10cd16eab705,Freekeh,,
6405bf63b9d07cd5d38d7a7f,Freekeh,,
6405bf58b0da194777986222,Fricassée de champignons émincés,,
64073bad683721c9a32b0740,Fromage à griller,,
6454e9a9b0a4d655ddff9adc,Fromage à griller au basilic,,
64073bbcdf6297bb5beef118,Fromage à la grecque,,
6405bf2cb9d07cd5d38d79a9,Fromage à la grecque,,
5e8ddf8be1ae9b18d1464cf2,Fromage à la grecque,fromage affinés à pâte molle,
6405bf1faf4af6d531d50a5e,Fromage blanc,,
6461e0c1d8259131b372d903,Fromage blanc,,
64073be5df6297bb5beef151,Fromage bleu,,
6405bf4baf4af6d531d50b17,Fromage bleu,,
64073babdf6297bb5beef104,Fromage de chèvre frais,,
6405bfb5b0da194777986364,Fromage de chèvre frais,,
5af2be2fae08b5194415a1ed,Fromage de chèvre frais,fromage,
6405bf20b0da19477798615d,Fromage de chèvre râpé,,
5af2c159ae08b51b804e58d5,Fromage de chèvre râpé,fromage,
6405bf54b9d07cd5d38d7a44,Fromage de montagne râpé,,
5d80e4075de66e1f746e35e8,Fromage de montagne râpé,fromage,
5af2c16dae08b51b804e5919,Fromage fondu,,
64073dffdf6297bb5beef262,Fromage frais,,
64073bd9683721c9a32b0772,Fromage frais aux herbes,,
64073bc09c6d10cd16eab63a,Fromage frais aux herbes,,
5af2be29ae08b5194415a1dd,Fromage frais aux herbes,fromage,
5d725d8f0dcef100100a1007,Fromage italien râpé,fromage,
6405bffdaf4af6d531d50d86,Fromage pour tartiflette RichesMonts,,
6405bf39b0da1947779861bf,Fromage râpé à l'italienne,,
64073ba5df6297bb5beef0f3,Fromage râpé à l'italienne,,
6405bff7af4af6d531d50d6a,Fruits de mer,,
5eaa742d4d1313374d494f32,Fruits de mer,Poisson,
5af2bdf2ae08b5194415a107,Fusilli,,
6405bfdab0da1947779863de,Fusilli à cuisson rapide,,
6405bfa3b0da194777986329,Galanga,,
5eaa742d4d1313374d494f33,Galanga,mélange d'herbes,
64073bbbdf6297bb5beef116,Galette de blé noir,,
6405bf47b9d07cd5d38d7a13,Galette quinoa et tomates,,
6405bf56b9d07cd5d38d7a4f,Galettes d'épeautre,,
5b9f8d9430006c69a4393853,Garam masala,,
5af2be15ae08b5194415a193,Gingembre frais,,
6405bf3aaf4af6d531d50acd,Gingembre frais,,
5af2bdf3ae08b5194415a109,Gnocchi,pâtes,
6405bf6baf4af6d531d50b9f,Gnocchi,,
64073bb09c6d10cd16eab623,Gnocchi,,
6405bf8cb9d07cd5d38d7b0e,Gnocchi de pomme de terre,,
64073bb4df6297bb5beef10c,Gomasio,,
5cfa73b1d8a87100142eb5b2,Gomasio,mélange d'épices,
64073c3edf6297bb5beef1a0,Gomasio aux herbes de Provence,,
5cc6ca69945b1900091c1d23,Gouda Mi-Vieux,fromage,
5cdea15cbfc591000d02b434,Gouda Mi-Vieux râpé,fromage,
6405bf7ab0da194777986298,Gouda vieux râpé,,
5d1326adf67e6800151317e2,Gouda Vieux râpé,fromage,
64073bbedf6297bb5beef121,Gouda Vieux râpé,,
6405bf62b9d07cd5d38d7a7d,Gousse d'ail,,
5c8bcd9de3f33973480ec962,Gousse d'ail,ail,
5af2bdfbae08b5194415a12d,Graine de carvi,,
5af2be91ae08b5194415a367,Graine de moutarde jaune,,
6405bf31b9d07cd5d38d79bc,Graines de courge,,
5c8bcd9ee3f33973480ec964,Graines de courge,mélange de graines,
64073babdf6297bb5beef102,Graines de courge,,
5e417e37c48f1e689e419877,Graines de cumin moulues,graines de cumin,
5e304aef7022991e096f4fc9,Graines de fenouil moulues,graines de fenouil,
5af2be10ae08b5194415a185,Graines de grenade,,
64073c8a9c6d10cd16eab6da,Graines de moutarde,,
5af2be6cae08b5194415a2d0,Graines de potiron,mélange de noix,
64073ba8683721c9a32b0737,Graines de sésame,,
6405bf75b0da19477798628c,Graines de sésame,,
5af2be5cae08b5194415a292,Graines de sésame,mélange de noix,
64073c8b9c6d10cd16eab6db,Graines de sésame noir,,
64073c61683721c9a32b07da,Graines de tournesol,,
5af2bdedae08b5194415a0f2,Graines de tournesol,mélange de noix,
5af2be9cae08b5194415a383,Grana padano râpé,fromage,
5af2be21ae08b5194415a1c0,Grenade,,
5d725d970dcef1000e487d79,Grenailles,pomme de terre,
6405bf5faf4af6d531d50b75,Grenailles,,
5ca75c9be3f33925c9018b52,Grenailles arc-en-ciel,pomme de terre,
6405bf9eaf4af6d531d50c49,Grenailles rouges,,
5cb44982c445fa72c34656c2,Grosses crevettes,fruits de mer,
6405bf55b9d07cd5d38d7a49,Gruyère et emmental râpé,,
5af2be56ae08b5194415a27e,Gruyère et emmental râpé,fromage,
6405c010af4af6d531d50dc7,Gruyère râpé,,
64073d5b9c6d10cd16eab736,Gruyère râpé,,
6405bf55af4af6d531d50b3a,Gyros de poulet,,
5af2be32ae08b5194415a1f7,Gyros de poulet,,
5d89ca09d7f5f0297d6b2221,Haché d'agneau assaisonné,agneau,
64073bd1df6297bb5beef13b,Halloumi,,
5af2bdf5ae08b5194415a112,Halloumi,fromage,
5b0bb2b730006c47d07bd8b2,Hamburger,,
5af2c170ae08b51b804e5922,Hamburger aux épices thaïes,,
5bceef3a30006c2b0d5d7232,Haricots blancs,,
5af2be1fae08b5194415a1b7,Haricots en boîte,,
6405bfc9b0da1947779863a7,Haricots noirs,,
5af2bdf9ae08b5194415a120,Haricots noirs,,
5af2be0eae08b5194415a17f,Haricots plats,,
5cdea15fbfc59100161288d2,Haricots plats coupés,haircots,
64073cec683721c9a32b080c,Haricots plats coupés,,
5c66d2a3e3f3395bc35f7315,Haricots rouges,,
6405bfeeb0da194777986421,Haricots verts,,
5af2be31ae08b5194415a1f4,Haricots verts,haircots,
